<udm.DeploymentPackage id="Applications/Big/1.0" token="5b32d18c-5b60-4590-bfeb-4c1baa20474b" created-by="admin" created-at="2017-11-01T16:43:24.154-0400" last-modified-by="admin" last-modified-at="2017-11-01T16:43:24.154-0400">
  <application ref="Applications/Big"/>
  <orchestrator/>
  <deployables>
    <ci ref="Applications/Big/1.0/tst001"/>
    <ci ref="Applications/Big/1.0/test"/>
  </deployables>
  !{fuck}!
  {{test}}
  <applicationDependencies/>
  <dependencyResolution>LATEST</dependencyResolution>
  <undeployDependencies>false</undeployDependencies>
</udm.DeploymentPackage>